id,filename,status
1,00001.jpg,ok
7,00007.jpg,ok
10,00010.jpg,ok
16,00016.jpg,ok
23,00023.jpg,ok
26,00026.jpg,ok
31,00031.jpg,ok
36,00036.jpg,ok
38,00038.jpg,ok
40,00040.jpg,ok
43,00043.jpg,ok
47,00047.jpg,ok
50,00050.jpg,ok
51,00051.jpg,ok
53,00053.jpg,ok
58,00058.jpg,ok
63,00063.jpg,ok
67,00067.jpg,ok
73,00073.jpg,ok
80,00080.jpg,ok
86,00086.jpg,ok
95,00095.jpg,ok
99,00099.jpg,ok
115,00115.jpg,ok
120,00120.jpg,ok
123,00123.jpg,ok
124,00124.jpg,ok
128,00128.jpg,ok
133,00133.jpg,ok
136,00136.jpg,ok
141,00141.jpg,ok
152,00152.jpg,ok
173,00173.jpg,ok
175,00175.jpg,ok
177,00177.jpg,ok
182,00182.jpg,ok
192,00192.jpg,ok
199,00199.jpg,ok
200,00200.jpg,ok
211,00211.jpg,ok
225,00225.jpg,ok
231,00231.jpg,ok
247,00247.jpg,ok
262,00262.jpg,ok
265,00265.jpg,ok
271,00271.jpg,ok
272,00272.jpg,ok
274,00274.jpg,ok
277,00277.jpg,ok
279,00279.jpg,ok
285,00285.jpg,ok
287,00287.jpg,ok
291,00291.jpg,ok
300,00300.jpg,ok
303,00303.jpg,ok
311,00311.jpg,ok
319,00319.jpg,ok
340,00340.jpg,ok
344,00344.jpg,ok
346,00346.jpg,ok
351,00351.jpg,ok
352,00352.jpg,ok
364,00364.jpg,ok
377,00377.jpg,ok
381,00381.jpg,ok
386,00386.jpg,ok
394,00394.jpg,ok
398,00398.jpg,ok
403,00403.jpg,ok
405,00405.jpg,ok
411,00411.jpg,ok
417,00417.jpg,ok
421,00421.jpg,ok
422,00422.jpg,ok
427,00427.jpg,ok
429,00429.jpg,ok
433,00433.jpg,ok
436,00436.jpg,ok
440,00440.jpg,ok
445,00445.jpg,ok
446,00446.jpg,ok
453,00453.jpg,ok
464,00464.jpg,ok
469,00469.jpg,ok
471,00471.jpg,ok
477,00477.jpg,ok
485,00485.jpg,ok
491,00491.jpg,ok
495,00495.jpg,ok
498,00498.jpg,ok
501,00501.jpg,ok
507,00507.jpg,ok
514,00514.jpg,ok
517,00517.jpg,ok
519,00519.jpg,ok
524,00524.jpg,ok
526,00526.jpg,ok
530,00530.jpg,ok
554,00554.jpg,ok
559,00559.jpg,ok
561,00561.jpg,ok
562,00562.jpg,ok
565,00565.jpg,ok
569,00569.jpg,ok
573,00573.jpg,ok
576,00576.jpg,ok
580,00580.jpg,ok
595,00595.jpg,ok
597,00597.jpg,ok
601,00601.jpg,ok
604,00604.jpg,ok
607,00607.jpg,ok
609,00609.jpg,ok
614,00614.jpg,ok
620,00620.jpg,ok
626,00626.jpg,ok
627,00627.jpg,ok
628,00628.jpg,ok
633,00633.jpg,ok
637,00637.jpg,ok
638,00638.jpg,ok
643,00643.jpg,ok
645,00645.jpg,ok
646,00646.jpg,ok
651,00651.jpg,ok
658,00658.jpg,ok
661,00661.jpg,ok
663,00663.jpg,ok
668,00668.jpg,ok
670,00670.jpg,ok
675,00675.jpg,ok
679,00679.jpg,ok
685,00685.jpg,ok
688,00688.jpg,ok
693,00693.jpg,ok
697,00697.jpg,ok
699,00699.jpg,ok
712,00712.jpg,ok
716,00716.jpg,ok
721,00721.jpg,ok
724,00724.jpg,ok
729,00729.jpg,ok
733,00733.jpg,ok
736,00736.jpg,ok
741,00741.jpg,ok
742,00742.jpg,ok
748,00748.jpg,ok
757,00757.jpg,ok
760,00760.jpg,ok
763,00763.jpg,ok
778,00778.jpg,ok
790,00790.jpg,ok
796,00796.jpg,ok
797,00797.jpg,ok
801,00801.jpg,ok
808,00808.jpg,ok
823,00823.jpg,ok
834,00834.jpg,ok
841,00841.jpg,ok
848,00848.jpg,ok
853,00853.jpg,ok
860,00860.jpg,ok
866,00866.jpg,ok
878,00878.jpg,ok
879,00879.jpg,ok
881,00881.jpg,ok
889,00889.jpg,ok
891,00891.jpg,ok
898,00898.jpg,ok
902,00902.jpg,ok
915,00915.jpg,ok
922,00922.jpg,ok
938,00938.jpg,ok
940,00940.jpg,ok
943,00943.jpg,ok
946,00946.jpg,ok
949,00949.jpg,ok
956,00956.jpg,ok
958,00958.jpg,ok
969,00969.jpg,ok
970,00970.jpg,ok
980,00980.jpg,ok
984,00984.jpg,ok
995,00995.jpg,ok
1005,01005.jpg,ok
1011,01011.jpg,ok
1016,01016.jpg,ok
1018,01018.jpg,ok
1020,01020.jpg,ok
1030,01030.jpg,ok
1032,01032.jpg,ok
1033,01033.jpg,ok
1036,01036.jpg,ok
1045,01045.jpg,ok
1046,01046.jpg,ok
1051,01051.jpg,ok
1052,01052.jpg,ok
1064,01064.jpg,ok
1072,01072.jpg,ok
1075,01075.jpg,ok
1095,01095.jpg,ok
1101,01101.jpg,ok
1103,01103.jpg,ok
1123,01123.jpg,ok
1126,01126.jpg,ok
1143,01143.jpg,ok
1151,01151.jpg,ok
1156,01156.jpg,ok
1177,01177.jpg,ok
1179,01179.jpg,ok
1183,01183.jpg,ok
1186,01186.jpg,ok
1196,01196.jpg,ok
1202,01202.jpg,ok
1206,01206.jpg,ok
1208,01208.jpg,ok
1212,01212.jpg,ok
1215,01215.jpg,ok
1220,01220.jpg,ok
1231,01231.jpg,ok
1234,01234.jpg,ok
1249,01249.jpg,ok
1256,01256.jpg,ok
1272,01272.jpg,ok
1282,01282.jpg,ok
1290,01290.jpg,ok
1293,01293.jpg,ok
1298,01298.jpg,ok
1306,01306.jpg,ok
1318,01318.jpg,ok
1325,01325.jpg,ok
1328,01328.jpg,ok
1330,01330.jpg,ok
1333,01333.jpg,ok
1336,01336.jpg,ok
1340,01340.jpg,ok
1343,01343.jpg,ok
1351,01351.jpg,ok
1352,01352.jpg,ok
1353,01353.jpg,ok
1358,01358.jpg,ok
1369,01369.jpg,ok
1370,01370.jpg,ok
1373,01373.jpg,ok
1376,01376.jpg,ok
1383,01383.jpg,ok
1384,01384.jpg,ok
1385,01385.jpg,ok
1392,01392.jpg,ok
1395,01395.jpg,ok
1399,01399.jpg,ok
1405,01405.jpg,ok
1414,01414.jpg,ok
1419,01419.jpg,ok
1422,01422.jpg,ok
1424,01424.jpg,ok
1425,01425.jpg,ok
1429,01429.jpg,ok
1433,01433.jpg,ok
1438,01438.jpg,ok
1445,01445.jpg,ok
1448,01448.jpg,ok
1461,01461.jpg,ok
1464,01464.jpg,ok
1466,01466.jpg,ok
1473,01473.jpg,ok
1480,01480.jpg,ok
1487,01487.jpg,ok
1495,01495.jpg,ok
1501,01501.jpg,ok
1508,01508.jpg,ok
1513,01513.jpg,ok
1515,01515.jpg,ok
1519,01519.jpg,ok
1527,01527.jpg,ok
1531,01531.jpg,ok
1541,01541.jpg,ok
1546,01546.jpg,ok
1549,01549.jpg,ok
1550,01550.jpg,ok
1552,01552.jpg,ok
1557,01557.jpg,ok
1562,01562.jpg,ok
1567,01567.jpg,ok
1568,01568.jpg,ok
1578,01578.jpg,ok
1582,01582.jpg,ok
1585,01585.jpg,ok
1586,01586.jpg,ok
1596,01596.jpg,ok
1600,01600.jpg,ok
1604,01604.jpg,ok
1606,01606.jpg,ok
1616,01616.jpg,ok
1627,01627.jpg,ok
1628,01628.jpg,ok
1630,01630.jpg,ok
1636,01636.jpg,ok
1642,01642.jpg,ok
1643,01643.jpg,ok
1665,01665.jpg,ok
1669,01669.jpg,ok
1676,01676.jpg,ok
1678,01678.jpg,ok
1680,01680.jpg,ok
1684,01684.jpg,ok
1686,01686.jpg,ok
1688,01688.jpg,ok
1694,01694.jpg,ok
1695,01695.jpg,ok
1870,01870.jpg,ok
1874,01874.jpg,ok
1875,01875.jpg,ok
1882,01882.jpg,ok
1899,01899.jpg,ok
1900,01900.jpg,ok
1901,01901.jpg,ok
1905,01905.jpg,ok
1932,01932.jpg,ok
2253,02253.jpg,ok
2260,02260.jpg,ok
2266,02266.jpg,ok
2276,02276.jpg,ok
2288,02288.jpg,ok
2296,02296.jpg,ok
2301,02301.jpg,ok
2305,02305.jpg,ok
2309,02309.jpg,ok
2316,02316.jpg,ok
2320,02320.jpg,ok
2324,02324.jpg,ok
2326,02326.jpg,ok
2330,02330.jpg,ok
2333,02333.jpg,ok
2345,02345.jpg,ok
2356,02356.jpg,ok
2360,02360.jpg,ok
2362,02362.jpg,ok
2367,02367.jpg,ok
2377,02377.jpg,ok
2415,02415.jpg,ok
2416,02416.jpg,ok
2448,02448.jpg,ok
2452,02452.jpg,ok
2456,02456.jpg,ok
2462,02462.jpg,ok
2468,02468.jpg,ok
2471,02471.jpg,ok
2472,02472.jpg,ok
2477,02477.jpg,ok
2479,02479.jpg,ok
2481,02481.jpg,ok
2484,02484.jpg,ok
2491,02491.jpg,ok
2494,02494.jpg,ok
2508,02508.jpg,ok
2511,02511.jpg,ok
2515,02515.jpg,ok
2517,02517.jpg,ok
2519,02519.jpg,ok
2522,02522.jpg,ok
2528,02528.jpg,ok
2533,02533.jpg,ok
2535,02535.jpg,ok
2540,02540.jpg,ok
2542,02542.jpg,ok
2545,02545.jpg,ok
2548,02548.jpg,ok
2552,02552.jpg,ok
2554,02554.jpg,ok
2559,02559.jpg,ok
2563,02563.jpg,ok
2576,02576.jpg,ok
2581,02581.jpg,ok
2584,02584.jpg,ok
2593,02593.jpg,ok
2598,02598.jpg,ok
2606,02606.jpg,ok
2611,02611.jpg,ok
2614,02614.jpg,ok
2623,02623.jpg,ok
2629,02629.jpg,ok
2631,02631.jpg,ok
2644,02644.jpg,ok
2647,02647.jpg,ok
2650,02650.jpg,ok
2654,02654.jpg,ok
2665,02665.jpg,ok
2667,02667.jpg,ok
2671,02671.jpg,ok
2677,02677.jpg,ok
2683,02683.jpg,ok
2684,02684.jpg,ok
2687,02687.jpg,ok
2695,02695.jpg,ok
2698,02698.jpg,ok
2702,02702.jpg,ok
2709,02709.jpg,ok
2715,02715.jpg,ok
2720,02720.jpg,ok
2726,02726.jpg,ok
2732,02732.jpg,ok
2734,02734.jpg,ok
2737,02737.jpg,ok
2742,02742.jpg,ok
2747,02747.jpg,ok
2757,02757.jpg,ok
2764,02764.jpg,ok
2767,02767.jpg,ok
2770,02770.jpg,ok
2772,02772.jpg,ok
2779,02779.jpg,ok
2791,02791.jpg,ok
2794,02794.jpg,ok
2797,02797.jpg,ok
2800,02800.jpg,ok
2804,02804.jpg,ok
2818,02818.jpg,ok
2826,02826.jpg,ok
2828,02828.jpg,ok
2833,02833.jpg,ok
2837,02837.jpg,ok
2838,02838.jpg,ok
2844,02844.jpg,ok
2846,02846.jpg,ok
2847,02847.jpg,ok
2857,02857.jpg,ok
2864,02864.jpg,ok
2874,02874.jpg,ok
2881,02881.jpg,ok
2884,02884.jpg,ok
2892,02892.jpg,ok
2902,02902.jpg,ok
2904,02904.jpg,ok
2910,02910.jpg,ok
2921,02921.jpg,ok
2930,02930.jpg,ok
2938,02938.jpg,ok
2945,02945.jpg,ok
2950,02950.jpg,ok
2953,02953.jpg,ok
2955,02955.jpg,ok
2967,02967.jpg,ok
2973,02973.jpg,ok
2977,02977.jpg,ok
3016,03016.jpg,ok
3044,03044.jpg,ok
3062,03062.jpg,ok
3068,03068.jpg,ok
3091,03091.jpg,ok
3094,03094.jpg,ok
3103,03103.jpg,ok
3127,03127.jpg,ok
3157,03157.jpg,ok
3159,03159.jpg,ok
3163,03163.jpg,ok
3164,03164.jpg,ok
3181,03181.jpg,ok
3183,03183.jpg,ok
3187,03187.jpg,ok
3188,03188.jpg,ok
3191,03191.jpg,ok
3201,03201.jpg,ok
3211,03211.jpg,ok
3226,03226.jpg,ok
3231,03231.jpg,ok
3248,03248.jpg,ok
3253,03253.jpg,ok
3271,03271.jpg,ok
3274,03274.jpg,ok
3276,03276.jpg,ok
3286,03286.jpg,ok
3290,03290.jpg,ok
3299,03299.jpg,ok
3308,03308.jpg,ok
3322,03322.jpg,ok
3332,03332.jpg,ok
3334,03334.jpg,ok
3340,03340.jpg,ok
3351,03351.jpg,ok
3358,03358.jpg,ok
3363,03363.jpg,ok
3385,03385.jpg,ok
3387,03387.jpg,ok
3398,03398.jpg,ok
3403,03403.jpg,ok
3406,03406.jpg,ok
3407,03407.jpg,ok
3412,03412.jpg,ok
3424,03424.jpg,ok
3427,03427.jpg,ok
3439,03439.jpg,ok
3447,03447.jpg,ok
3454,03454.jpg,ok
3458,03458.jpg,ok
3471,03471.jpg,ok
3481,03481.jpg,ok
3491,03491.jpg,ok
3493,03493.jpg,ok
3494,03494.jpg,ok
3499,03499.jpg,ok
3504,03504.jpg,ok
3506,03506.jpg,ok
3508,03508.jpg,ok
3520,03520.jpg,ok
3523,03523.jpg,ok
3526,03526.jpg,ok
3529,03529.jpg,ok
3530,03530.jpg,ok
3534,03534.jpg,ok
3535,03535.jpg,ok
3545,03545.jpg,ok
3548,03548.jpg,ok
3551,03551.jpg,ok
3554,03554.jpg,ok
3559,03559.jpg,ok
3603,03603.jpg,ok
3609,03609.jpg,ok
3613,03613.jpg,ok
3614,03614.jpg,ok
3621,03621.jpg,ok
3625,03625.jpg,ok
3673,03673.jpg,ok
3676,03676.jpg,ok
3808,03808.jpg,ok
3816,03816.jpg,ok
3909,03909.jpg,ok
3919,03919.jpg,ok
3925,03925.jpg,ok
3933,03933.jpg,ok
