id,D_H,EC,EO,VE,PH,WA,NF,GLR,VC,TDS,TRS,TWS
724,-0.005430669,-0.0024046951,0.0020153977,0.027087586,0.00054318015,-0.0062110294,0.00031639973,-0.055447754,-0.008628444,-0.0045894384,-0.010954297,0.14895603
2715,-0.0055841897,0.0097471215,0.0025542409,0.054631315,0.0028352565,0.0036188015,0.0003657523,0.1988025,0.006744393,-0.0022912617,-0.01549675,-0.03120119
31,-0.00478268,-0.003040332,-0.0059757223,-0.031363,-0.00013620588,0.010729508,0.0005780309,-0.12785771,0.018995943,-0.009536702,0.02775886,-0.04164907
2345,-0.012963159,-0.0075952187,0.002673696,-0.043141056,-0.0012813302,-0.014252253,-0.009753004,-0.15616556,0.0023167662,-0.009346755,-0.056737427,-0.014298903
2276,0.020818815,0.010050952,-0.0057511767,0.024588928,0.0024633883,0.0125006875,0.0007456795,0.13081717,0.0048614037,-0.0021950053,-0.04076068,0.01958519
464,0.04792223,0.01905127,-0.005344132,0.0019934485,0.006984306,0.01298081,0.00064788887,0.035983022,0.007672782,-0.003340836,-0.02284046,-0.02097767
1290,-0.011154788,0.0065574506,0.002954791,0.037425637,-0.0063325865,-0.009990195,0.00088102435,0.04568765,-0.00279517,0.006275521,0.012007561,0.08238057
3481,0.025798876,-0.0045225597,0.0087377075,-0.0026405558,0.003803688,0.009737743,0.00025431573,0.06359068,0.004154586,-0.003293499,-0.024789896,-0.025019469
3676,-0.0040756296,-0.013674158,0.0023108562,-0.028108476,-0.0005863988,-0.0027955999,-0.0008086501,-0.09877112,0.008553287,-0.0077941953,-0.02976084,-0.028661536
562,0.0016116565,-0.0008590783,-0.003856314,-0.02676191,0.0015262269,0.0017139069,0.0011671631,-0.09863303,0.011534382,-0.009786721,0.08013989,-0.05579105
43,0.017723862,-5.8022997e-05,0.008927108,0.06413192,0.0047320635,0.0034715359,0.0013982018,0.11235424,0.014840524,-0.002607938,-0.007433744,-0.02315048
3933,0.032234304,0.010116811,-0.0011271096,-0.0005421531,0.004153221,0.016473139,0.0010221637,0.07840282,0.0006474077,-0.0033437111,0.026718047,-0.027100325
436,0.003860349,0.00037316929,0.0029806164,-0.006688411,-0.006932855,-0.0033381986,0.00028407783,-0.060743246,-0.028308542,-0.007891458,0.040694438,-0.05266069
1643,-0.0036040505,-0.0053748176,0.00096406764,-0.031186983,0.024594313,0.0028207167,0.0003664427,-0.13558394,0.023349365,-0.008401908,0.034130946,-0.012540425
1932,0.00037778253,-0.0029135277,-0.0061428435,-0.029540636,-0.0007918677,0.007895684,-0.0012825713,-0.11961854,-0.02760891,-0.00723287,-0.036870975,-0.0076694055
3274,-0.005743927,0.0006835077,-0.005516379,-0.0022547513,-0.009669341,0.014273716,0.0004161269,0.045014378,-0.0071262517,-0.0039440244,0.016628124,-0.038406774
10,0.0078167245,-0.012820874,0.0034916755,0.04143222,0.001996073,-0.0020393135,-0.0038182165,0.06383983,-0.030102976,-0.002570436,-0.011696142,-0.029892208
841,0.00820684,0.013610445,0.0040184255,-0.010406947,0.0020494796,0.0066474145,0.007434403,-0.05875022,0.017919663,0.12386333,0.14053956,0.19294837
1429,0.0024886588,-0.008493991,0.0038929621,-0.013150046,-7.961132e-05,0.009002826,0.0010846924,-0.016794287,-0.018099248,-0.0051630554,-0.026580019,-0.026251234
3545,0.015547312,0.002182675,-0.0051614605,0.050538182,0.0025094538,0.009968322,0.00082093664,0.20295922,0.011649683,-0.002055591,-0.005918635,0.09894235
3613,-5.795551e-05,0.0020517434,-0.0022296985,0.029595675,0.0016272119,0.012658729,0.0006914694,0.18546052,0.0101549,-0.0022035602,0.004194832,0.03764751
3044,0.037875976,-0.0021827251,0.006900286,0.0016577542,0.0040695663,0.01692111,-0.0014453704,0.09981726,0.01599812,-0.002581803,0.0021676603,-0.028512474
573,0.0047393665,0.0022929704,-0.011096132,-0.0126664275,-0.023557752,0.0077569154,-0.00072710717,0.015614323,-0.019738816,-0.0037607597,-0.04086718,-0.029339736
760,-0.015796753,-0.005454142,0.0042281845,-0.0023667992,-0.0054043815,-0.012962951,-0.0006089174,-0.045189552,-0.011207473,-0.006251884,0.025059279,0.03165468
2356,-0.006464192,0.008488613,0.0028645648,0.04879313,-0.006122113,-0.017735085,0.000619864,0.07722149,-0.0049524135,-0.00280356,-0.033510752,0.041911747
3520,-0.007619059,-0.0035300988,0.0011987283,0.017330771,0.002062881,0.005602625,0.00097126095,0.047423724,-0.0074811173,-0.002515321,-0.055896163,0.054153133
970,0.06279888,0.013678532,0.003372664,0.07073798,0.004104039,0.012804533,0.0012935856,0.2224059,0.02054012,-0.0018986342,-0.009162986,-0.024618655
501,-0.003009772,-0.00035493638,0.0022361183,-0.021916093,0.0003131327,0.0016486221,2.985776e-05,-0.07761343,0.001513738,-0.0055276104,-0.042389315,0.12869087
1051,0.0061879866,-0.015382361,-0.013105525,-0.03459487,-0.0009800228,-0.0031221646,-2.0586544e-05,-0.061680324,-0.028880734,-0.0069916286,-0.01790628,-0.036800705
1298,0.009890091,-0.0016956545,-0.0044089006,0.013443246,0.002741745,0.019926637,0.0032850825,0.06849568,0.003962032,0.06886743,0.08889328,-0.029581096
422,-0.014159267,0.009344848,0.0013507461,0.05359286,0.0020698875,0.002900452,0.00057593646,0.120451674,-0.011039107,0.0070206025,-0.011853884,0.011732568
311,-0.017433744,-0.0042776056,0.0023516999,-0.038691536,0.00019629071,-0.0065663573,-0.0049534836,-0.15066427,0.0082103135,-0.00095834193,0.07379941,-0.057744857
3526,-0.009067285,-0.0048303325,0.001884885,-0.024048729,0.019719416,-0.0019265031,-0.00024516432,-0.09799718,0.012013458,-0.007521252,-0.038287956,-0.033226874
2468,0.022624528,0.005994723,-0.0102914125,0.02602572,0.0014610243,0.014267596,-0.0031234913,0.1245845,0.0039625154,-0.00244398,0.07212958,0.032458223
141,0.017556809,-0.0108575635,-0.011963758,0.0021235999,-0.016399678,0.004801028,-0.0017592311,0.047063727,-0.0064062783,-0.003052303,-0.03575953,-0.039363466
429,-0.009240134,0.003976656,0.0040590256,-0.012953706,-0.004967017,-0.0007561161,-0.0031378993,-0.05341438,0.002109568,0.078686275,-0.00020141229,0.120131515
2415,0.013201014,-0.0026432788,-0.009784784,-0.0048519536,0.0019450666,0.0039532883,0.0024529244,0.041499786,-0.016039725,-0.00278401,-0.040807694,0.09027621
411,-0.010762797,-0.005174335,0.0026410776,-0.029554943,-0.00072821864,-0.003853768,-0.00075060833,-0.054398946,-0.012954857,-0.0060499236,-0.10813282,0.07341852
40,0.00091056956,0.00015274319,0.004033922,-0.021465627,0.00029221125,0.013207969,7.341148e-05,-0.09899225,0.022809416,-0.006771859,0.012060591,-0.042290807
1256,-0.0017388117,0.0044272305,0.0016095568,0.027737588,-0.0010101127,0.010908058,0.0016891062,0.09411826,-0.0029214206,-0.0029928873,0.07357099,0.071556
1005,-0.000103998434,0.011810452,-0.0040868027,0.06084843,0.004535812,0.00626418,0.0020570648,0.20100409,0.0075984406,-0.0029695414,0.034788802,-0.03699183
3164,-0.0043988074,0.0047628423,0.0047777165,-0.027413514,0.004629762,-0.0022305043,0.00054890325,-0.1664491,-0.03370426,-0.009038431,-0.031090684,-0.04515651
1596,-0.014640921,0.004240496,0.0012607928,0.036144685,0.000784592,0.0013566987,-0.0020786913,0.105251186,-0.011222553,-0.0024138172,-0.07995479,-0.026035655
1126,-0.0015323483,-0.0076564094,-0.0074201785,-0.034092326,-0.00073096727,0.0014738459,0.0011231358,-0.115192406,-0.03364952,-0.0060662264,-0.024947962,-0.0010154956
3673,-0.0048789177,-0.0049637686,-0.010155091,0.021637622,-0.01028697,-0.0009878712,0.0014564751,0.060547903,-0.0017384494,-0.0033288447,-0.0048174737,-0.03876203
3535,-0.00954683,-0.0057958327,0.0024681839,-0.030387,-0.0013698573,0.0065014777,-0.0006339142,-0.092607215,-0.0018327642,-0.0071106832,-0.029893495,-0.011761625
1352,0.00739834,-0.002018585,0.0019037393,-0.031409405,-0.0013168876,0.011457969,0.00071693223,-0.05023037,-0.013031773,-0.0056789033,-0.044213135,-0.02264762
1669,-0.011155576,-0.0018090362,0.0034117445,-0.01016128,0.0009938977,-0.0011697883,-0.00020840947,-0.052626215,-0.005797794,-0.005412578,-0.062177375,0.08551918
685,0.0018563219,0.0060395477,-0.005424611,0.05760427,0.0022771808,0.0035843535,0.0006517387,0.12436345,-0.000597882,0.0047356063,-0.013257605,-0.026362523
445,-0.012412145,0.0060042767,0.0017299731,0.046323217,0.0018127466,0.0013518096,0.0011794618,0.08763534,-0.024112446,-0.002221223,0.006164801,0.07287636
3816,0.042505953,-0.0035609328,0.002090331,0.018172203,0.0026000033,0.018574223,0.0027714425,0.12823209,-0.009062757,0.041653655,0.058232356,-0.029774884
891,-0.00962777,-0.0018128887,0.0031863812,0.02035629,-0.0019320038,-0.032600045,-0.0063630645,-0.0421437,-0.015089061,-0.0049078315,-0.03325666,0.030880293
3332,-0.0025382082,0.00794736,0.003152305,-0.014111398,-0.0039879377,0.00093340804,0.0071151084,-0.061244763,0.009492405,0.0837878,0.124109186,0.18758534
498,-0.012768497,-0.006710804,0.0037240225,-0.04705084,-0.003397637,-0.0052484223,-0.0009050081,-0.18119264,-0.048575442,-0.009411426,-0.032940164,-0.049017426
2542,0.025109423,0.00033033645,0.003960773,-0.012705293,-0.0006192439,0.012558576,0.0020338704,-0.07132666,0.0007031253,-0.0065111076,-0.0061680526,-0.023015937
1495,0.053503405,0.009431527,-0.005483383,0.031949356,0.0025570197,0.013631741,0.0014279109,0.18351366,0.0018812339,-0.002640865,0.055185612,0.04763088
3062,-0.00081074546,-0.0031899482,0.0015218494,-0.03819027,-0.00027955536,0.010268504,-0.00029482355,-0.1111221,0.00096898706,-0.008326279,0.020383852,-0.042828172
1011,-0.0034437305,0.0018933323,-0.012637127,0.020403732,0.0012485294,0.008885368,-0.00386525,0.06457634,-0.008623598,-0.0021695879,0.021472218,0.077458404
3286,-0.011746296,-0.0034768428,0.0038979703,-0.032909285,-0.0050368384,-0.0022762208,0.00090111536,-0.11777656,-0.045979396,-0.009290074,0.04644665,-0.064353704
2515,0.0052588494,-0.0017744101,0.0019783224,0.00651194,0.0029396913,0.00020694357,0.00070175214,0.051443536,-0.022825733,-0.0027924723,-0.034453478,-0.031981625
1220,0.024785986,-0.0026899672,-0.008687381,-0.014271632,-0.00024937818,0.0141592445,0.0021265177,-0.04561443,0.006207143,-0.0064021107,-0.012861508,-0.023261398
3603,-1.2961652e-05,-0.007253284,0.0016440087,-0.033943895,-0.0014808264,-0.0034326438,-0.00047252933,-0.094195925,0.0025410259,-0.0068936255,0.00048249078,-0.048212428
2471,0.035835758,0.012223895,-0.005227423,0.05129975,0.0029849047,0.013610391,0.0013946717,0.20902282,0.006366962,-0.002402544,0.034294415,0.032586973
1585,0.024486024,0.004114921,-0.008403045,-0.021546189,-0.004677796,0.012362892,0.002167449,-0.05127606,0.0062573333,-0.0057856515,-0.012611517,-0.030220482
421,-0.0005320528,-0.0011596917,0.0020968858,-0.025149968,0.00015529404,0.00020061109,0.0018601794,-0.08306111,0.011118792,0.05665811,0.00219768,0.10391762
3614,-0.00801313,-0.01346469,0.0010617144,-0.031398695,-0.00012209413,0.008514805,-0.0005902308,-0.10989568,0.012840109,-0.007753863,-0.020786496,-0.041503195
801,0.012132591,-0.00050730706,0.0034063295,-0.00021098163,-0.0036292267,-0.0029354452,-0.00027752807,-0.052657478,-0.023417689,-0.00600304,0.036953397,-0.049837224
628,-0.0022434948,0.005825616,0.0013233054,-0.03284602,-0.0006097806,-0.00085681403,0.0012248398,-0.119341716,0.016719108,0.026362782,0.07564511,-0.010424967
403,-0.011998465,0.01790736,0.0023818638,0.051448714,0.0045227874,-0.0016389136,0.0018456224,0.14193392,0.0028143045,-0.00054737774,0.078766584,0.20646468
1636,-0.0036644372,-0.0078114592,0.0010796173,-0.037508953,-0.0017005772,-0.011343647,-0.0009568019,-0.09379838,-0.0028367436,-0.0074401083,-0.06545831,-0.0038751776
377,0.0011699164,0.0011757532,0.0023202691,-0.0002396389,0.003263606,-0.0022424932,0.0011598406,-0.04738436,0.021899719,-0.008754074,0.074233696,-0.04876342
2734,-0.0038854654,-0.0029821226,0.0020316432,-0.0110694105,-0.015560387,-0.0039039296,-0.00034555318,0.015896028,-0.023907255,-0.004617454,-0.032069694,-0.030132469
1179,0.049763482,0.012506237,0.0032750587,0.064876884,0.0026733873,0.012532972,0.0013342483,0.22880107,0.015346892,-0.0019614536,-0.0039358325,0.015992526
433,0.0028909065,0.000697502,-0.0054841954,-0.020229049,0.00041092443,0.0023270273,-0.00011394562,-0.07337009,-0.0023275386,-0.0064552356,-0.008302642,0.110996656
984,-0.0058642076,-0.0015805383,0.0010264565,-0.033123184,-2.5839852e-05,0.012394975,-0.0030535192,-0.09682456,0.02130623,-0.009544031,0.068566,-0.051929396
175,2.5274312e-05,0.0018540539,0.004658095,0.030735662,0.0014411996,-0.0073388033,0.0019151174,0.03137971,-0.012659166,-0.0034324117,0.05879329,0.08769855
440,0.016703079,-0.0047096093,-0.012503013,-0.023894744,-0.0001371978,0.005648755,-0.0023977272,-0.028841015,-0.015803771,-0.006075728,-0.028478887,-0.025234763
471,-0.008108053,-0.003939808,0.0038864205,0.018746343,0.011634379,-0.0019245131,-0.0021490403,-0.010252924,-0.017324552,-0.0045884396,-0.0072998293,-0.032311697
1,0.0045204395,0.0038337419,-0.005726924,0.012249196,-0.0008327397,0.0049181227,0.0023775578,-0.032442465,-0.0023872578,-0.004486893,-0.009117158,0.04184618
47,0.0013684001,-0.0007848187,0.004826185,-0.02976255,-0.001127285,0.0072726267,-0.0008827502,-0.058238965,-0.0017664316,-0.006804088,-0.01469483,-0.030272985
3504,0.011604831,0.008882867,0.0027007514,0.047967628,0.002232602,0.011480429,0.0009693907,0.14755264,-0.0030202286,-0.0023337586,0.005269754,-0.032919697
99,-0.006712323,-0.005121228,0.0038665459,-0.017766278,0.0007046325,-0.005936729,0.0017699426,-0.0611411,-0.0054779393,0.07746591,0.045617156,0.19726841
1513,0.00054571626,0.00387832,0.0016756625,0.025141256,0.0028515295,-0.0015047984,-0.0015762048,0.07188141,0.0015899317,-0.0021450454,-0.031272903,-0.029876608
1336,0.00017677252,0.0030334415,0.004145301,-0.019798988,0.0006574708,0.010060681,0.00053569366,-0.08518837,-3.096731e-05,-0.007198281,0.052992877,0.19159767
3499,-0.0030186013,-0.0028603077,0.00339137,-0.022054264,-0.0010819243,0.0051971087,-0.00010182762,-0.054845933,0.01055965,-0.0069482964,0.00095816527,-0.038893256
3299,-0.0050531453,-0.002557801,0.0016220417,-0.04534387,-0.0026469005,-0.00069250655,0.00045128565,-0.17800601,-0.04468682,-0.009547528,0.01152158,-0.058112577
2548,0.0038952213,-0.007864187,0.0017747241,0.047837045,0.0033578123,0.0024706998,0.0005817887,0.12877984,-0.0021157572,-0.0023092527,-0.020005077,-0.028409138
1036,-0.011224419,-0.0059613716,0.0026600622,-0.05197838,-0.0010504902,-0.0050979704,-0.0015170368,-0.15542753,0.0037804435,-0.009681073,-0.04159423,-0.045982886
73,0.0125735225,0.009011096,0.0029331874,0.059139077,0.0030396867,0.004866561,0.000571104,0.1477775,0.004117602,-0.0019227825,-0.017514344,-0.026412282
2833,-0.022806907,0.0064132544,0.0031939852,0.036410023,0.002391282,-0.02074884,0.0004314825,0.106804214,-0.020932492,-0.0025666992,-0.03428228,-0.030104505
2757,0.0026002156,0.0074179675,-0.0036500073,-0.020129947,-0.00010802497,-0.0019997885,0.001211452,-0.103885286,-0.016519124,-0.007437469,-0.0071529723,-0.036188632
58,0.0065570967,-0.0026750062,0.004919854,0.018098425,-0.009952252,-0.002247791,-0.0021992044,-0.018909896,-0.004598389,-0.004554129,-0.021390244,-0.03478548
1351,-0.0027001677,-0.0079267435,0.0015364665,0.0041496586,0.0022225578,0.007615161,-0.003443994,0.08905625,-0.00443111,0.045959543,-0.023588704,-0.033819485
211,-0.0022540982,0.0012478128,0.0019612897,0.041856896,0.002496334,-0.013289667,0.00037009598,0.17825495,-0.0015699089,-0.0020871253,-0.021440655,-0.029684158
3398,0.019333838,-0.00062304764,0.0046435324,-0.0075697135,-0.014589978,0.011208088,-0.0005856037,0.0326878,-0.019555088,0.00557946,-0.034849834,-0.02896275
272,-0.0049929763,-0.0021310167,0.0027527965,-0.009754796,0.0011131443,0.00031743315,0.0067847692,-0.040760178,0.015077273,0.11409235,0.105850056,0.1319656
517,-0.004896206,-0.0052031484,0.0051382617,-0.031720348,-0.0033257783,-0.0032407409,-0.0026302685,-0.080580406,-0.020414257,-0.006712449,-0.036999673,0.0010168453
1901,0.014216716,-0.013066473,-0.016048346,-0.022382526,-0.003187762,0.0032029834,-0.0012396021,-0.03185367,-0.011348178,-0.005473379,-0.036943056,0.011576338
938,-0.02575194,-0.008297871,0.002661254,-0.039352033,-0.0091698095,-0.015371428,-0.001007047,-0.09181475,-0.042042214,-0.0070181545,-0.022063877,-0.04908754
2910,0.019344902,0.0033614915,0.0042937454,-0.024271036,-0.0006545651,0.006502691,0.0020240943,-0.05031564,-0.010380292,-0.0064563206,-0.011855132,-0.022777168
3201,0.009763533,0.0018053532,0.0081660645,-0.00075726304,0.0028642835,0.017890261,0.00039631827,0.07420477,0.006223007,-0.0028537463,-0.0005705618,-0.031950958
2416,0.018629447,-0.010607058,-0.02262842,-0.01106835,0.002546664,0.007994864,0.00023944535,0.048248228,-0.027601015,-0.003577713,-0.006208379,-0.033496927
2892,0.02613738,0.008865749,0.002628526,0.050217256,0.0028233712,0.0033439277,0.0010013497,0.19927496,0.006935576,-0.0022863043,0.011770903,-0.036287624
679,0.0015371599,0.0014376811,-0.009906223,-0.013170049,-8.5919826e-05,0.005632593,0.0010739317,-0.048878454,-0.0048922994,0.055195168,7.82278e-06,0.09684682
2367,-0.02573762,0.008431058,0.0029157924,0.041553106,-0.0006604498,-0.0074184304,0.00014040778,0.11031424,-0.012423904,-0.002494247,-0.044403043,0.018193275
3554,-0.00011148542,-0.00035928568,-0.0067393375,-0.026778823,-0.0005619352,0.0049941437,-0.0009658427,-0.059486937,-0.014474056,-0.006009442,-0.07209049,0.07462572
712,-0.00809236,-0.0022557522,0.0035207658,0.025996877,-0.00096358143,-0.0206311,0.0004060637,-0.053978063,0.014352336,-0.006593365,0.027338555,-0.051484898
3909,-0.016573925,-0.0024923794,0.002412626,0.020660797,-0.00840574,-0.010157119,-0.004373694,0.075215176,-0.009744569,-0.0036291976,0.063300654,-0.046599314
2818,-0.017327704,0.011594339,0.0021295077,0.05565091,-0.004373713,-0.02549807,0.0007868245,0.16435635,-0.0062133837,-0.0026816356,0.027705159,-0.048748758
3609,0.045541633,0.025320858,-0.0030874119,0.060603358,0.0036046978,0.009542052,0.0013787132,0.2096936,0.019853579,-0.0018958834,0.010695523,0.18183652
405,0.0010642584,6.178568e-05,0.004400148,-0.02030112,-0.0005790097,0.005948943,0.0006473517,-0.13145132,0.021304918,-0.009333208,-0.021849269,-0.029328054
2559,-0.0033640156,-0.0022743568,0.0026207666,0.027767645,0.0035697932,-0.00019548181,0.0011360396,0.06291884,-0.00074434275,-0.00315467,-0.025133008,-0.032427873
1875,0.005129792,-0.0042910203,0.002739267,-0.03805925,-0.00059366005,0.016527599,0.00027107776,-0.14714994,0.015908806,-0.009801926,-0.041146006,-0.00925183
2554,0.004734422,0.0049590096,0.004032373,0.0002286717,0.02037189,0.0070219245,0.0014836742,-0.027111696,-0.011402942,-0.004712172,-0.010992072,-0.026209652
2593,-0.0039588455,-0.0015895392,0.0044227117,-0.021270804,-0.0008204924,-0.0028867263,0.0011209132,-0.10345885,-0.024101138,-0.0072746617,-0.006640247,-0.035597064
940,-0.0058778776,-0.0030496346,0.0058119753,0.028706511,0.002377853,-0.0059872936,0.0007582169,0.07334355,-0.009676462,-0.0032367355,0.014928535,-0.04464602
2326,0.0027893607,0.0024219314,-0.0050158016,-0.038206883,-0.0007440991,0.013468644,-2.874076e-06,-0.14387912,0.015850572,-0.008612005,-0.03964065,-0.0050354213
2772,-0.014728198,-0.0024110677,0.000397785,-0.103973985,0.00086808053,-0.13293341,0.00018259246,0.07725851,-0.005867505,-0.0034737298,-0.024050668,-0.049979206
2563,-0.024077838,-0.0018704776,0.0022629737,0.005363421,-0.014541489,-0.0046437555,0.00029227763,0.040800504,-0.013654094,-0.0027338848,-0.03285109,-0.04312851
651,0.0025747763,-0.004155255,0.0043637464,-0.02137322,0.00026166392,0.0008526971,-5.9659324e-05,-0.069126874,-0.0047726473,-0.0050829677,-0.0007090166,0.16600633
808,0.010497487,-0.0044845906,-0.010644279,0.0103963865,-0.007579647,0.0108843325,0.0013192554,0.044159073,-0.0012962947,0.011494928,-0.02738781,-0.031729363
2950,0.015602526,-0.014847621,0.0024013221,0.014407395,0.0028387373,0.0059204735,0.0010359655,0.13413034,-0.00011895737,-0.0025214464,-0.035122797,-0.03378457
2533,-0.007442998,-0.0050760955,0.0026697023,-0.04243396,-0.00076031504,-0.0044252123,-0.00036219045,-0.1537866,0.0067316745,-0.009339637,-0.019836374,-0.038931556
763,-0.012507289,0.0038117287,0.002253153,0.022319557,0.0019015047,0.0010039228,0.0005911116,0.05590967,-0.0011801895,0.02588527,-0.024709253,0.045552228
2552,-0.0045597493,-0.012467943,0.0009914911,0.0375019,0.0026059821,0.0037681079,0.0003991434,0.17372917,-0.01026552,-0.0023349856,-0.020021278,-0.034110054
485,0.005282649,-0.0057812887,0.003859487,-0.025101583,-0.0007414041,-0.0029727726,0.00059621665,-0.1256248,0.025179321,-0.009079361,-0.033607543,-0.034080144
1874,-0.0019191315,0.0040249224,0.004086125,0.02453147,0.0018808421,0.017609935,0.0005124299,0.12735447,0.003967103,-0.0023247013,-0.043227114,0.020264495
2472,0.04301338,-0.005061799,-0.0044938754,0.03062388,0.0021448506,0.015548755,-0.0030589956,0.15645602,0.007064452,-0.0023351384,0.06357113,0.03571041
1568,0.012949752,-0.015392743,-0.013137258,-0.012313559,0.0038365205,0.008096402,-0.003297279,0.059002504,-0.010190032,-0.0030282019,-0.043486036,-0.027402239
3226,0.004802915,0.004453947,0.0039757867,-0.02149423,0.000857541,-0.016414048,-0.0041067256,-0.061038114,0.010624638,-0.007899375,0.08403497,0.18497296
2522,0.00073506165,-0.0113086505,0.005639343,-0.015661541,-0.00060610747,0.00026856983,-0.0014887854,-0.052496742,-0.0041495822,-0.0061104232,-0.02192427,-0.0264513
3530,-0.0009592715,-0.00864451,-0.010741107,-0.023505522,0.00012267119,0.0029079274,0.0004070114,-0.08197702,-0.006501947,-0.0068573738,0.015146556,0.1268005
2797,-0.013036257,-0.0004276515,0.0027449676,0.018608654,0.017238015,-0.018037044,0.00012288456,-0.032985553,-0.013399641,-0.004833024,-0.012937774,-0.035702296
80,-0.008376868,0.0065936996,0.0007521162,0.048759867,0.0024349496,-0.0006260943,0.0011682765,0.15673608,-0.019927308,-0.0031364046,0.028550839,-0.047933716
2511,0.024868552,-0.0016149122,0.005447921,-0.028620772,-0.006290352,0.01608505,-0.0008319583,-0.053201433,-0.0096191475,-0.0056244177,-0.014850227,-0.028601347
319,-0.0109060295,0.0027910965,0.0020897307,0.0292139,-0.0013637985,-0.0055843755,0.001837986,0.10093279,-0.0023777406,0.037911937,0.053394165,0.11514133
2581,-0.0045012315,0.0033644189,0.0015242817,0.05087449,0.002403504,0.0060501317,0.00045792782,0.15989071,-0.018019509,-0.0024890099,-0.020181818,-0.032676872
2726,-0.014511358,-0.008475742,0.0044446727,-0.030507611,-0.00085202954,-0.006169172,0.00053625624,-0.13137501,0.020945128,-0.009246862,-0.03055253,-0.03505653
2508,0.0036018493,-0.0024843677,0.0044652494,0.0076949513,0.0025864972,0.010366137,0.0006926412,0.12824225,-0.011845112,-0.0023870054,-0.02611469,-0.03128686
3157,-0.0062179025,-0.0018547813,0.0031843847,-0.0047622332,0.0017198444,-0.009076283,0.0026229953,-0.035601094,-0.019338332,-0.011610411,0.07861039,0.16394931
2296,0.025271172,-0.0007142624,-0.0066823093,0.031624943,-0.009864653,0.0072937305,0.0005371123,0.18687055,-0.004027418,-0.0023294326,-0.041000914,0.0137119405
123,-0.0048991092,-0.0062881853,0.0029694631,-0.028921228,-0.0035998074,-0.014257844,0.0031968453,-0.09183577,0.0043028374,-0.013630089,0.10013876,0.1875479
2945,-0.004209536,-0.0036435297,0.004125918,-0.041792426,-0.0007505898,-0.007483987,-0.000844279,-0.14807157,0.0060973126,-0.008910866,-0.020393807,-0.045092132
247,0.0034772384,-0.0037612065,0.002853557,-0.0017747807,0.00023627559,-0.00045184456,0.0040063886,-0.034272693,0.020803591,0.185178,0.13632989,0.031601515
2491,-0.012416547,-0.0063234656,0.004648925,-0.039193735,-0.00041292675,-0.028033454,0.0007436097,-0.106051095,-0.028848609,-0.007685748,-0.011480744,-0.043774515
797,-0.015795304,0.0017630171,0.0017772963,0.02514492,0.0011137356,-0.02937147,0.000951002,0.08057459,-0.011917835,0.055215396,0.0032835966,-0.034091726
956,-0.0037288829,0.0013727543,0.010058988,0.03812033,0.0017337269,0.0032379956,0.0013405813,-0.0069530495,-0.0008808992,-0.0049576038,0.0064854263,-0.03380821
1630,-0.0055527957,0.0077053723,0.002698932,0.031708203,-0.00044469605,0.009758701,0.00066586153,0.12492882,0.0054927077,-0.0020424414,0.017521873,0.15428062
661,0.019501647,0.0020110938,0.0054283543,-0.026102005,-0.00030677495,0.009526272,0.0018885689,-0.026698593,-0.008228432,-0.006048203,-0.007363386,-0.025755104
2938,-0.009029026,-0.0077030915,-0.012115468,-0.015082026,0.0019199697,0.0043347697,-0.0005259173,0.015252522,-0.026582398,0.0024110973,-0.07207662,-0.029680878
152,-0.0061734477,-0.004060449,0.001410501,-0.012257138,0.00012374292,-0.0029431712,-0.022185404,-0.056638524,-0.042840887,0.087899186,0.053185266,0.07294538
614,0.0019207171,-0.0019655733,-0.008036244,0.01747086,0.001357061,-0.0007918339,-0.0034432658,0.038646404,-0.017194195,-0.0023214445,-0.0049354895,0.07447833
1318,0.009589326,0.0072648893,-0.0021975313,0.048929904,0.0025504616,0.017800318,0.0010938899,0.17282628,0.0033209373,-0.002176646,0.008159956,-0.03736316
2266,-0.012150292,-0.0056014955,0.0020728079,-0.054697223,-0.0011518358,-0.0013360715,0.00011580048,-0.15771636,-0.015980545,-0.010255922,-0.055895425,-0.018520972
2953,-0.0027603686,-0.010120348,0.0034665992,-0.046511937,-0.0002965043,0.008151572,-0.00054728345,-0.10928704,-0.021893466,-0.008021722,-0.02675135,-0.036668614
340,-0.009383561,-9.967636e-05,-0.014137454,-0.015530692,0.00040582538,-0.007538775,-0.00029994835,-0.07226633,-0.016883288,-0.0056785396,0.026514767,0.1705535
1234,-0.0075552105,-0.006946113,0.0015652875,-0.039983645,0.00015135831,-0.0017958401,0.00019618319,-0.11233981,-0.0036687832,-0.007226334,-0.020147195,0.12829427
120,-0.021707688,-0.026818756,-0.011512463,-0.0357141,0.00016358167,-0.0067295884,0.0011635487,-0.10201845,-0.0028380493,-0.010835866,0.030536318,0.09341595
67,-0.028064113,-0.011652199,0.0018556245,0.02068658,-0.0017036548,-0.025679473,-0.0002712337,-0.052546382,-0.026208969,-0.005415382,-0.011295685,-0.053431425
1123,-0.00062542566,-0.007865146,0.0030718315,-0.023483552,0.00015712234,0.0006100726,-8.3887e-05,-0.09175882,-0.0026441193,-0.006582438,-0.049380425,0.14324155
394,-0.009306225,-0.0063599753,0.0019869898,-0.03628766,-8.217237e-05,-0.0059011364,0.000616407,-0.11682855,0.0035321559,-0.00794668,-0.110571004,0.11544899
3091,-0.004693461,-0.015782874,-0.0183244,-0.03572929,-0.001101332,0.0013246972,-0.0008293169,-0.0675979,-0.019935148,-0.00690537,-0.037681885,-0.036018237
1424,-0.008168054,-0.002322925,0.0016440923,0.009176563,0.0019195398,0.00457981,0.0009721319,0.05863146,-0.022759108,-0.002770346,-0.03027019,-0.038218506
2330,0.012795535,0.003982962,-0.007044694,0.016603684,0.0021960835,0.0100422,0.00071699626,0.07313269,-0.002266459,-0.002643212,-0.0448091,0.03350713
949,-0.02776469,-0.0001525746,0.0028359753,0.04196991,0.0015646558,-0.018339595,0.0009876849,0.081385836,-0.017859248,-0.0033076971,0.03303683,-0.047503382
519,0.006357459,0.0012507961,0.0066251094,0.050036196,0.0013454533,-0.015881155,7.7304976e-05,-0.03149651,0.00015112462,-0.003056793,0.024837803,0.15308635
3412,0.004014957,-0.0057287095,-0.02428099,0.010887821,0.0017676774,0.010432962,-0.003474635,0.08607394,-0.0039724964,-0.0028304616,-0.0049769245,-0.04137908
1328,-0.028806569,0.0057946155,0.0010600863,0.026560761,-0.006946911,-0.040088587,0.0004970844,0.12837075,-0.011646337,-0.0077507617,0.013960165,-0.05152829
115,-0.0011533775,0.0061194166,0.005068793,0.00936253,0.00025157342,-0.0046873125,0.002588164,-0.033543244,-0.003330153,-0.0045266724,-0.024517518,0.056737334
3191,-0.0013899163,-0.0026160134,0.0036243584,0.029200919,0.0012533087,0.01412335,0.0010517329,0.11168509,-0.005322268,-0.0032712303,0.08053292,0.04879388
1549,0.02573297,0.008008021,0.0008213002,0.04954488,0.0026043481,0.012261979,0.00087447546,0.20085828,-0.008876459,-0.0023338113,0.0077918014,-0.037124034
1306,-0.001715381,-0.004883479,0.0023865555,-0.03462994,-0.00030895055,0.009678741,-0.00084977166,-0.12938938,0.010541414,0.028148796,0.041598342,-0.013102376
26,0.004520072,-0.013130673,0.0051898235,-0.033035323,-0.0011465691,0.009485063,-0.0014079438,-0.05968476,-0.001387134,-0.0064027132,-0.03150034,-0.031289738
627,0.00068640744,-0.006144433,0.0033080212,-0.031068029,-0.0012009721,0.008938112,-0.000845117,-0.07141357,-0.0031503674,-0.008063561,0.01942925,-0.041395225
271,-0.02060647,0.0069468357,-0.0057086777,0.0494262,0.0025956624,-0.013270555,-0.0011170785,0.12958747,-0.0056576924,-0.0022193475,-0.0033563792,-0.03823716
1052,0.0017755633,-0.006763867,-0.015228599,-0.016300572,-0.00012283644,0.0065608984,-0.00020868948,-0.030947998,-0.0016261194,-0.0053318576,0.002885114,-0.03830928
1870,-0.008281242,-0.0041620824,-0.0087450575,0.026672784,0.0015439582,0.0062654195,0.00048260065,0.11348507,-0.006609491,-0.0023036532,-0.056116425,-0.00058562274
63,-0.01522359,0.0025942125,0.0048592975,-0.008360875,0.00066912355,-0.0078087747,-0.0010476927,-0.04491485,-0.017975666,-0.0059420173,-0.03475761,-0.0057988972
3493,0.0038294224,0.008782979,0.004931266,0.04514748,-0.008348289,0.012323211,0.0006717362,0.15528095,-0.002538651,-0.0023716656,-0.01371575,-0.029149149
2644,-0.0015680093,0.0073684044,0.0047025485,-0.0032614337,0.040019307,0.0031232222,-9.7503034e-05,-0.059466656,0.021625495,-0.006198586,-0.010177558,-0.022009304
16,0.009995655,-0.002315926,0.0043723625,0.016335443,-0.008452602,-0.0015183038,0.00044820865,0.03928743,-0.0015930511,-0.0028157488,-0.05354836,0.075807676
1395,0.01964289,-0.0051406003,0.0037617015,0.025273113,-0.006396296,0.004493005,0.0015199108,0.07853224,-0.0012366686,-0.004264757,0.10288391,-0.038669657
1183,0.029325487,0.012717882,-0.0047326493,0.0626189,0.002897025,0.014296151,-0.0031166847,0.21333861,0.010216339,-0.0019658015,-0.016749568,-0.030406846
351,-0.009731625,-0.004836192,0.006841201,-0.026630662,-0.0012919329,-0.0024010148,-0.00091439835,-0.070966005,0.010261236,-0.0073720175,-0.02125299,-0.028361049
604,-0.0045508984,-0.012703159,0.0042166524,-0.021540094,0.00044782486,0.0009783903,0.0013486296,-0.06161705,0.010781744,-0.007369728,0.039730243,0.124997176
2448,0.0034415287,0.012642705,-0.0049254573,-0.015113308,0.0004399166,0.014744155,-0.0019899916,-0.07408068,0.01888497,-0.0068276348,0.088877335,0.03762095
1552,-0.010337529,-0.00053538504,0.0020005554,0.042008962,-0.009976643,0.001156061,0.00026367736,0.18127257,-0.0041318834,-0.0023261036,-0.02637856,-0.03279062
136,-0.011082452,-0.0004189039,0.0039820755,-0.025086476,-0.00020720452,-0.0012425701,-9.1417176e-05,-0.09999411,0.015993826,-0.0075927437,0.006206866,-0.04453731
1186,-0.026265137,0.005518154,0.0014931152,0.041935407,-0.008188997,-0.014630609,0.000646796,0.14314441,-0.005883763,-0.002768684,0.0192677,-0.053892642
2977,-0.020774907,-0.0040692836,0.004648702,-0.015949167,-0.008466068,-0.031897556,-0.00087496295,-0.046955626,-0.019826628,-0.006522441,-0.024911366,-0.041445773
124,-0.0085278135,-0.00076216453,0.0020943899,-0.016367871,-0.0013825528,-0.0025407618,-0.0012760042,-0.05586036,0.0027353899,-0.006431113,-0.03757922,-0.007794836
36,-0.009002741,0.010547135,0.0017621637,0.038561832,-0.008713031,-0.007588921,0.0005089995,0.17947686,-0.013527394,-0.0025931727,-0.026750127,-0.032015953
980,0.003402331,9.855631e-05,0.0053001842,-0.016001841,-0.0027081459,0.018234685,-0.00024384742,-0.046488147,0.014621154,-0.006439932,0.009245121,-0.03911623
3406,0.036468863,0.006346311,-0.006524905,-0.0005775943,0.0064718546,0.014792772,0.0014076765,0.07407303,0.01764039,-0.0028802212,-0.03068548,-0.02428028
597,0.002919923,0.009092225,0.00397003,0.063423336,0.0026935998,0.006925517,-0.00047390463,0.20731518,-0.0036545228,-0.0020381338,-0.002172246,0.04383171
199,-0.009832019,-0.008412066,-0.011135165,0.023755813,-0.0011169864,-0.049235456,0.00055907224,0.07163282,-0.008115136,-0.003653481,-0.029176144,-0.03525298
834,-0.004933814,0.00072783674,0.004576266,-0.0086202035,0.0019908978,-0.002940288,0.0012990397,-0.05800248,0.036698587,-0.009130339,0.07840947,-0.0511112
3506,0.012654576,-0.004188206,-0.0102560045,-0.03412526,-0.0005644659,0.006396273,-0.003956247,-0.060802173,-0.031265453,-0.0075489725,0.06099853,-0.03737442
633,-0.0036065264,-2.0287005e-05,0.0022941318,-0.030689837,0.0003430467,-0.0041255252,0.0004961136,-0.10860623,-0.010960632,0.051117916,-0.11359113,0.13065872
620,-0.011797584,0.009728755,0.0021343154,0.029908283,0.002644264,-0.033514675,0.00030352408,0.16657378,-0.002405051,-0.0021700046,0.002985272,-0.04191024
1546,-0.008445054,-0.0041524502,-0.007712264,-0.040816247,-0.0012785553,-0.0036291475,-0.0007754038,-0.09282907,-0.035962198,-0.0072334665,-0.021639466,-0.042820513
946,0.0034555648,0.009383847,0.0031152966,0.026726596,0.0025552472,0.014350182,0.0020259242,0.07267808,0.00085711107,-0.0034613432,0.11207961,0.105804674
2647,0.033767827,0.0035162717,0.009883627,0.005475789,0.0049625356,0.018310776,0.00043811993,0.043735735,-0.0029323807,-0.0035773325,-0.02083973,-0.021261677
1177,-0.0014466991,-0.005434597,0.0037408245,0.00850145,-0.0017358832,0.0009728443,-0.0010202829,-0.041835833,-0.004651174,-0.0057052025,-0.031362228,0.02640373
741,0.0010220627,0.0048728255,0.009277818,0.010001593,-0.008059352,0.010701897,0.00062290294,0.08755473,-0.018668907,-0.0027394302,-0.023071667,-0.03455268
1046,-0.018490225,-0.010993581,0.0022801482,-0.03089558,-0.00040419062,-0.008908041,-0.00019397914,-0.10426716,0.011574409,-0.009433485,0.019143604,-0.04929741
2702,0.021902349,0.0004898349,0.00043596924,0.040202063,0.00294694,0.0022457829,0.00045659067,0.19300784,0.007722656,-0.0022415963,-0.016841175,-0.029802334
2767,0.024469784,0.008217797,-0.0070393505,-0.011098116,-0.00025895133,0.012933626,-0.00062424794,-0.047316756,0.005799424,-0.00668429,-0.0086087175,-0.023091774
1642,0.005045315,0.0052764146,0.004139624,-0.01659063,-0.0005403816,0.0066782148,-0.00026687738,-0.098900415,0.018308282,-0.0074933805,-0.014339221,-0.00073167996
1383,0.019195344,0.003618237,0.0052563017,0.005595043,0.036959328,0.015959827,-0.00017184456,-0.005425777,0.0032913391,-0.003723753,0.046398584,0.040943827
1392,0.01964289,-0.0051406003,0.0037617015,0.025273113,-0.006396296,0.004493005,0.0015199108,0.07853224,-0.0012366686,-0.004264757,0.10288391,-0.038669657
3340,0.008713698,-0.0019843741,0.0052737216,0.0045749526,0.0012379306,0.010194385,-0.00035387365,-0.017780446,0.0069891573,-0.0055665537,-0.0007272172,-0.027313162
729,-7.235368e-05,0.00094401295,0.0028322474,0.042568512,0.0018124342,0.01525561,0.0007801488,0.17564514,-0.015882809,-0.0023893216,-0.0021669222,-0.035681706
2684,0.033185918,0.0021027143,-0.006451856,0.06223943,0.0028219945,0.017212812,0.0005805515,0.2009493,-0.011261444,-0.0022342575,-0.01515938,-0.023067405
398,-0.008724866,-0.0014340709,0.0027386711,0.04026473,0.0026486376,-0.009124827,0.0014451481,0.057054732,-0.0079118265,0.037166204,0.001560748,-0.032146875
3276,-0.021263279,-0.012003692,0.0002637446,-0.043598704,-0.003465521,-0.07221038,0.0002992431,-0.16999248,-0.08267087,-0.011325033,0.03298177,-0.07595012
898,-0.013282358,0.00633499,0.0028329026,0.039014637,0.0002549506,-0.023914222,0.00064642786,0.09659721,-0.006127266,-0.0024210191,0.04980124,0.11902568
1020,-0.02605283,-0.0017340236,0.0026633388,0.016798668,-0.0006506067,-0.014604064,-0.010667358,-0.029997325,-0.030812632,-0.005256697,0.01683775,-0.05756584
1385,0.019923335,-0.01253973,-0.0101834815,0.0028643617,0.003175629,0.0052254223,-0.0033309234,0.049133494,-0.01569682,-0.0029229755,-0.04420396,-0.031158399
2737,-0.000592142,0.008693278,0.0024922378,0.058611725,-0.004902496,-0.009255435,0.00026352424,0.18750614,0.010138775,-0.002147169,-0.010756679,-0.031636257
3387,-0.014233485,1.8635921e-05,0.0038976315,-0.0033161244,0.0017715807,-0.012576437,-0.00012249219,-0.051409084,-0.015819682,-0.0060240575,0.0071740635,-0.051537123
1045,-0.015309451,0.002060734,0.0021250965,0.05124508,0.0022306587,-0.023637846,0.0003425358,0.06634086,-0.019102296,-0.0026638457,-0.026010808,-0.03733078
453,-0.021459524,-0.0076423315,0.00472826,-0.014015152,0.0011054494,-0.02636777,-0.00042959774,-0.05973669,-0.030622112,-0.006748205,0.00532346,-0.05675152
601,0.00017706306,-0.0046201013,0.0060280445,0.034979794,0.01825953,-0.01999949,7.099159e-05,-0.036965113,-0.007256199,-0.0049142493,-0.008344476,-0.0370973
3925,0.00079773774,0.004551372,0.0045105517,-0.018644938,-0.0039546513,0.013786385,-0.0002779731,-0.07971194,0.01764638,-0.007078539,-0.0117352065,-0.03453409
742,-0.0050811865,0.010163453,-0.00434587,0.053083528,-0.008741855,0.0048087463,-0.0019236659,0.17738187,-0.014213484,-0.0028085099,0.022925073,-0.044879977
514,-0.0062463596,0.0062028747,0.0063486565,0.008917751,0.0010161778,-0.0014259416,0.0020713669,-0.046325065,0.02661522,-0.005843785,-0.0012009736,-0.035527598
796,-0.001488798,-0.0048602954,-0.02100173,-0.019887162,-0.0009791086,-0.0037965856,0.0017959488,-0.052353237,-0.009521526,-0.005805881,-0.039614696,-0.030258533
1582,0.0016823554,0.0011763156,-0.005002966,-0.024814546,0.001075589,0.0050560245,0.0051456904,-0.08383693,0.0055771424,-0.013369381,0.12665878,0.16414939
2838,-0.017576855,0.0036312018,0.004251125,-0.014630822,-0.0086063985,-0.014091616,-0.0010978956,-0.049087,-0.025823982,-0.0061570173,-0.01225063,-0.040902346
1448,0.022969255,-0.002038824,-0.01474759,-0.016090643,-0.001005885,0.004405201,-0.00068029616,-0.02012783,-0.008998876,-0.0045892145,-0.044106416,-0.024224158
2631,-0.005822457,0.004742197,0.0064637093,-0.011139328,-0.00024977545,-0.00029019595,-0.0007449598,-0.05268993,-0.007887688,-0.0057079736,-0.013555659,-0.035571318
469,-0.010977421,0.005169643,0.002780934,0.06466036,0.0023466102,-0.012332593,0.00061241235,0.059437264,-0.0037854468,-0.0034780237,0.0019415849,-0.031787
569,0.006678085,-0.006714436,0.0010766904,0.010181155,0.0018541451,0.0026736537,0.00076350366,0.039871126,-0.010484605,-0.0024568946,-0.04273741,0.07214493
881,-0.0032003429,-0.0060692285,-0.006197339,-0.03200763,-0.0010008627,0.00543055,-0.00039263463,-0.088169485,0.010931749,-0.007462668,-0.019729314,-0.00889625
878,-0.025789876,-0.0025578889,0.0026923686,0.007628376,0.0016621234,-0.005012881,0.00020153323,0.049520664,-0.020957753,-0.0026620447,-0.025710182,-0.045870885
1075,0.036157005,0.0032388675,-0.0047346596,0.049565107,0.0026766055,0.020119121,0.0012358174,0.18829788,0.009105798,-0.002092504,0.0009378804,-0.033845853
1680,-0.007902258,-0.005650398,-0.0061929626,-0.020741742,0.00055991183,-0.001258968,0.00044291417,-0.078351155,0.006558158,-0.0066100033,-0.00040696206,0.1824941
427,-0.00011365659,0.0079536615,0.0002451236,0.056027487,0.0027555171,0.008023865,0.0017343636,0.17719315,0.0040834667,-0.0026118946,0.01189291,-0.03720339
3188,-0.008989148,0.0053706598,0.0040099826,0.031936076,0.0011502136,-0.0034189408,-0.0011959441,-0.043902237,-0.012310905,-0.0015303231,0.010792423,-0.04955335
1376,0.010696584,-0.008657969,-0.024186527,0.005514539,0.0020216638,-0.00071617344,-0.0033451302,0.03045469,-0.009238042,0.004820563,-0.044418216,-0.034095883
3523,-0.0016379091,0.017748257,0.001150338,-0.016892508,-0.00089878065,0.009036798,0.0065175793,-0.071021356,0.0013757831,-0.0011727003,0.12444035,0.138717
637,-0.019844083,-0.002270747,0.0036376382,-0.0112729855,-0.008253536,-0.009680685,-0.0006092156,-0.048232503,-0.021056684,-0.006927161,0.015019092,-0.054358467
2800,0.016313458,-0.0103649115,-0.01173537,0.0050358395,0.0023738958,0.0013517184,-0.0026116788,0.055920757,-0.022807509,-0.0026706927,-0.031030754,-0.03298594
3385,-0.014359334,-0.0047491123,0.006172825,-0.01669264,-0.009211121,-0.031867586,-0.0007358795,-0.050428696,-0.024728607,-0.006521759,-0.023276875,-0.04112986
1515,-0.0064737815,-0.0027057645,0.0017593207,-0.027634777,-1.919893e-06,-0.00087375817,-0.014773109,-0.08714856,0.00033598597,-0.010247163,0.09669981,0.117672734
2623,0.019167557,0.005909413,0.009095311,0.010168456,0.0035261952,0.01129348,0.0016247791,0.08269389,0.005531977,-0.0024977317,-0.026721196,-0.029667076
2881,0.010720868,0.0013248521,0.007980644,-0.0077237277,0.0060709077,0.012522612,-0.0003009195,0.047500692,-0.015543171,-0.0032061862,-0.039045732,-0.026184974
2742,-0.01019049,0.004996569,0.0071661705,0.063623145,0.0032838078,-0.0039771404,0.0004307802,0.07680332,-0.009912595,-0.0026122923,-0.01468881,-0.032993164
3458,-0.006450375,0.011909237,0.0024615033,0.05607172,0.0032687562,0.0038814736,-0.0010063789,0.13585705,-0.0050331163,-0.0023596738,-0.009848471,-0.029280338
1473,0.0036664936,0.00014475183,0.0024361077,0.020737376,0.0003076416,0.014986601,-0.004284616,0.058441266,-0.00435766,-0.0032265019,0.09468702,0.10384812
3290,-0.03643765,-0.0037135845,-0.012908531,0.050286837,0.0027239572,-0.0013336678,0.0003454076,0.12707104,-0.013552829,-0.0026303271,-0.02289219,-0.033078298
2779,0.013027666,0.009020189,0.005345975,-0.014264893,-0.0006560713,0.019919718,0.0024341564,-0.0425073,0.008673597,-0.006024759,-0.004191157,-0.024437165
1600,-0.010102742,-0.003075892,-0.009306398,-0.050547525,-0.0031378332,-0.0017936919,-0.0014451583,-0.18887077,-0.048433375,0.0021733954,-0.03983454,-0.04599793
1399,0.0125734005,-0.012145841,-0.006136288,-0.0131145865,0.00086489966,0.003352725,0.00048093544,0.04232568,-0.009911928,-0.0030756732,-0.079056844,0.0027780405
2667,0.012801118,-0.004628417,-0.019615911,-0.01729316,0.0019293096,0.00645074,-0.002109279,0.022737771,-0.0026983581,-0.003717278,-0.027396604,-0.026960816
192,0.004004727,0.00065598846,0.0042792554,0.030069068,0.002793848,0.012631834,0.001487472,0.07693934,0.0044571413,-0.0029807007,0.083619066,0.14206937
721,-0.0067077717,-0.009786058,0.0021519247,-0.035922695,-0.0019609637,-0.0013567079,0.0004934955,-0.11163676,0.00063145894,-0.007521569,-0.037620615,0.14823587
1419,-0.0015667059,0.0014142704,0.005055215,-0.007950788,-0.000986703,-0.003223343,0.00157621,-0.027090505,0.00419594,-0.008270102,0.10055846,0.054322585
2930,0.001304746,0.008347214,0.0011852934,0.061543293,0.0031318106,0.015567656,0.0014133084,0.21079074,0.00494472,-0.0024018122,0.0019887458,-0.02958373
346,-0.01703409,-0.0067385966,0.0017443452,-0.030843869,0.000110509485,0.0028529933,0.0001253709,-0.068712704,-0.029704241,-0.0067165648,-0.0056543783,0.11380066
607,0.0066639907,-0.004863076,0.005176353,0.021069225,0.0018816441,-0.012944017,-0.0037083516,0.085673235,-0.00824539,-0.0031623472,0.053993363,-0.043074213
1557,-0.0031161036,0.0051821927,0.0004941825,0.023893414,0.001966295,0.007981842,0.0012650734,0.15144753,-0.008176108,-0.003206027,0.063404,0.020643836
1527,0.036973953,0.003877655,-0.005366031,0.062220074,-0.006300865,0.008465002,0.0008424746,0.19937727,0.018338362,-0.0021112442,-0.04021195,0.09688485
1461,-0.022764137,-0.014294992,-0.02448798,-0.035697512,-0.0010106679,0.003996869,-0.000624345,-0.06975776,0.0034449287,-0.0070855767,-0.020972507,-0.03900938
3103,0.022981782,-0.0026073675,0.0074680643,0.028474547,0.001934166,0.010155239,0.00090279593,0.087254286,-0.015107104,-0.002431213,-0.0059019774,0.098714575
778,-0.0022552628,-0.004907749,0.0025715912,-0.026657311,3.456847e-05,-0.037085164,-0.00019631237,-0.08643256,-0.010512055,0.010182581,-0.057388462,0.13355961
1480,0.0011783104,-0.011556128,0.0044514243,-0.016306104,0.0024126836,0.0009164521,5.616359e-05,0.054920174,-0.035745215,-0.003657439,-0.007905699,-0.03537063
2844,-0.020898312,-0.0020799641,0.00055310567,0.038843293,0.0018864082,-0.0253252,0.00046278545,0.14163868,-0.019665908,-0.0025884872,-0.0051092547,-0.046612397
200,0.014688234,0.0043432377,0.0031196955,0.0014887549,0.00019294409,-0.0037821867,-0.00094207015,-0.051639788,-0.006565719,-0.005450818,-0.014896041,-0.029441485
2360,-0.004297981,0.010443383,0.0026964417,0.058037262,0.002275298,-0.018301956,0.00031951096,0.078389324,-0.0034569274,-0.002657722,-0.027293058,0.0445592
1072,-0.019229699,-0.0049855364,0.0022962329,-0.020371946,-0.009484159,-0.014797586,-0.0028233975,-0.05130996,-0.045053754,-0.0076868637,0.03333783,-0.060713414
1531,-0.0021971134,0.001795682,-0.0053423583,-0.042135604,-0.0005684449,-0.0050047557,0.00026612412,-0.14171447,0.017992374,-0.009516638,-0.034005143,-0.042976934
748,0.020629605,0.0054483716,0.0018693774,-0.019661075,0.0008473451,0.014434102,0.0007272316,-0.07774986,0.014726994,-0.008993316,0.074668065,-0.046210334
2837,0.006698193,0.004454717,-0.0080917915,-0.028747406,-0.00054050516,-0.0022502942,-0.00093978795,-0.10659541,0.0020530033,-0.0077614617,-0.022650313,-0.03818998
757,-0.02195067,-0.0071086776,0.0030227774,-0.041091416,-0.0070221103,-0.011513504,0.00051569,-0.1097345,-0.054523364,-0.01065928,0.049814936,-0.072271116
3334,0.0078773685,-0.013401501,0.004206328,-0.040549405,-0.00039820166,0.00092485733,-0.0006342424,-0.105756536,-0.010565541,-0.007450797,-0.010641602,-0.042042296
1684,0.00362898,0.0004914143,-0.006904575,0.0005673639,0.00095647486,0.0035008003,0.0029718585,-0.034556195,0.023556167,0.17793474,0.11141343,-0.021888372
646,0.0004663715,-0.008276234,-0.009539294,-0.04269029,-6.263501e-05,0.009908114,-0.006381794,-0.09637785,-0.0038221215,-0.007509749,-0.035482176,-0.034732953
2698,-0.02534818,-0.003568028,-0.016541343,-0.04054058,-0.0077647176,-0.028054075,0.0013571488,-0.11228468,-0.03768143,-0.00812525,-0.016683439,-0.046210583
526,-0.009504332,-0.0013280094,0.0033565871,-0.03590884,-0.00076537754,-0.0036333697,-0.0012371001,-0.14116287,0.004297442,-0.008982916,-0.048935294,0.010500845
736,-0.0066210376,-0.006624118,0.005935182,0.044805244,-0.0051630302,-0.005002847,-0.0008821687,0.044017844,-0.0066051083,-0.003202455,-0.0577806,0.015456315
1353,0.005469777,0.0033665309,0.0075197406,0.014109436,0.003018063,0.009960231,-0.0013331355,0.07354466,0.0025609415,-0.0023554612,0.0005009599,-0.034682006
1604,0.008210339,-0.006872005,0.004144514,0.02029444,0.0013242296,0.0048796735,0.0011404695,0.1000281,-0.024775347,0.03385986,-0.008629317,0.01372097
530,-0.012312826,-0.005798606,0.0009848321,-0.05234807,-0.0027567842,-0.003410519,-0.0013969091,-0.18799515,-0.05777257,-0.009656531,-0.02029332,-0.05275821
2846,0.01944656,0.0038884766,0.004702188,-0.014048683,0.00034516092,0.019930443,0.0024206184,-0.0870715,0.007123355,-0.006161733,-0.008954546,-0.02628381
2598,-0.017953232,-0.0010250005,0.004682478,-0.025214413,-0.0006702522,-0.008814373,0.00030137168,-0.1482087,-0.015415659,-0.008863874,-0.018629916,-0.043010447
645,0.01134689,0.003654721,-0.0046840794,-0.029486734,-0.0018493865,0.009006632,0.0022826716,-0.044536043,-0.008316482,-0.005786355,-0.047568157,-0.0022659944
995,0.008517685,-0.00032401417,0.0053671952,-0.023289377,-0.0003679854,-0.0014214606,0.0008162069,-0.12342492,0.036528807,-0.008952767,-0.017439533,-0.03856135
1103,-0.022533536,-0.011341329,-0.018068857,-0.036968146,-0.007945764,-0.0037175769,-0.0006998854,-0.11494179,-0.0054930723,-0.007932414,-0.024183234,-0.054581016
1384,-0.014838483,-0.0029936116,0.0028788883,-0.03127845,-1.1923594e-05,-0.002211449,0.0009767493,-0.12906642,0.0111645125,0.07728853,0.015940508,-0.046379253
2695,-0.011667713,-0.0055824257,-0.010025864,-0.034217715,-0.0024719373,-0.0111364415,0.00038849507,-0.18236217,-0.04524868,-0.009831914,-0.019001884,-0.047124688
2301,0.026849011,0.0021460091,-0.0052480246,-0.027470551,-0.00068831706,0.011521572,-0.0014582621,-0.10436485,-0.015882827,-0.006614465,-0.032135867,-0.005059801
2606,-0.025038892,-0.012544555,-0.028343448,-0.021464353,-0.00948751,-0.0142150875,-0.0010637615,-0.059710074,-0.032475602,-0.0066232514,-0.022729296,-0.04589099
2260,-0.0062681027,-0.007812772,0.0033189345,-0.033431914,0.0039358833,0.010480729,-0.00038923122,-0.17309976,-0.037717372,-0.009130684,-0.036041223,-0.009988786
2847,0.005976754,0.0071223713,0.0067970776,0.03708771,-0.0009816714,-0.0032698687,-0.00025591376,-0.03551022,-0.003593772,-0.005228892,-0.0009226982,-0.03317526
1676,0.0017809377,-0.007969143,0.0031093531,-0.0095799165,0.0027177918,0.0026504253,6.0274084e-05,0.043144923,-0.025561785,-0.0043702824,-0.0045827692,-0.033923138
658,0.010798094,-0.003852485,0.0011275839,-0.023614366,-0.0010740567,-0.0007084307,-0.0005177041,-0.09076346,-0.005382911,-0.0063364888,-0.010917912,-0.0391552
2288,0.0223259,0.007371165,-0.0032287443,0.0027255167,0.0030434253,0.008185692,-0.00048430177,0.063887805,0.0005710177,-0.0026205142,-0.033576902,0.032482427
1272,-0.017986758,-0.010208076,0.0063635544,-0.020922555,-0.00029488752,-0.0092505235,-0.0013625849,-0.0454289,-0.014113649,-0.00618965,-0.018988803,-0.037056744
